uid,subject,source,model,method,predicted,score,score_Pedido de Informação,score_Pedido de Encomenda,score_SPAM,label,correct
21173,FW: Pedido de Cotação-24100004 18/10/2024,tests/extracted_emails/21173_FW_Pedido_de_Cotao-24100004_18102024.json,NorBERTo-large,cosine_descriptions,SPAM,0.3399400182543993,0.3302873900476667,0.32977259169793394,0.3399400182543993,Pedido de Informação,False
21288,Pedido de Cotação -RFQ/2024/10/29,tests/extracted_emails/21288_Pedido_de_Cotao_-RFQ20241029.json,NorBERTo-large,cosine_descriptions,SPAM,0.3396275869396087,0.3301391698211094,0.33023324323928194,0.3396275869396087,Pedido de Informação,False
22545,Regularização  - 02:51:40.,tests/extracted_emails/22545_Regularizao_-_025140.json,NorBERTo-large,cosine_descriptions,SPAM,0.340779395989229,0.3274878722530392,0.3317327317577317,0.340779395989229,SPAM,True
22561,Regularização  - 10:39:27.,tests/extracted_emails/22561_Regularizao_-_103927.json,NorBERTo-large,cosine_descriptions,SPAM,0.340562584059844,0.32760189827224195,0.3318355176679141,0.340562584059844,SPAM,True
22683,Pedido de Cotação-250325,tests/extracted_emails/22683_Pedido_de_Cotao-250325.json,NorBERTo-large,cosine_descriptions,SPAM,0.33781257280421767,0.3311403763505564,0.33104705084522595,0.33781257280421767,Pedido de Informação,False
22737,Nota de Crédito 202503124529.,tests/extracted_emails/22737_Nota_de_Crdito_202503124529.json,NorBERTo-large,cosine_descriptions,SPAM,0.34079889848193906,0.32846904009927314,0.33073206141878775,0.34079889848193906,Pedido de Encomenda,False
24351,FW: Consulta de preco AK25/001896 - SW24/413387 para pedido de aquisição de material/artigo QZA na Kremler Landtechnik Compras: [LOTE EXTERNO DE OUTUBRO],tests/extracted_emails/24351_FW_Consulta_de_preco_AK25001896_-_SW24413387_para_pedido_de_aquisio_de_materiala.json,NorBERTo-large,cosine_descriptions,SPAM,0.33967785996886063,0.3294297847785718,0.33089235525256766,0.33967785996886063,Pedido de Informação,False
24501,Request for Quotation-RFQ 5387/25_DESB,tests/extracted_emails/24501_SPAM_Request_for_Quotation-RFQ_538725_DESB.json,NorBERTo-large,cosine_descriptions,SPAM,0.3401801883412019,0.32799581770525976,0.33182399395353834,0.3401801883412019,Pedido de Informação,False
25634,Pedido de Cotação nº 20/02/2026,tests/extracted_emails/25634_Pedido_de_Cotao_n_20022026.json,NorBERTo-large,cosine_descriptions,SPAM,0.3400271172397233,0.3296083299835399,0.33036455277673676,0.3400271172397233,Pedido de Informação,False
25980,Genehmigte Projektlieferung für aktuelles Verkaufsangebot: Folgeauftrag zur vorherigen Anfrage (SQ-202604),tests/extracted_emails/25980_SPAM_Genehmigte_Projektlieferung_fr_aktuelles_Verkaufsangebot_Folgeauftrag_zur_v.json,NorBERTo-large,cosine_descriptions,SPAM,0.3405332866646074,0.32925756203697304,0.33020915129841955,0.3405332866646074,SPAM,True
26004,Verkaufsangebot RFQ-2501524: 04_2026_LPO Lieferung von PROJEKTARTIKELN in großen Mengen,tests/extracted_emails/26004_SPAM_Verkaufsangebot_RFQ-2501524_04_2026_LPO_Lieferung_von_PROJEKTARTIKELN_in_gr.json,NorBERTo-large,cosine_descriptions,SPAM,0.33991337699053914,0.329455165088747,0.33063145792071386,0.33991337699053914,SPAM,True
26007,"Re: Solicitação de Cotação: Confirmação do pedido de consulta - 1- 616195SFMS-2026, Fornecimento de Novo Lote",tests/extracted_emails/26007_SPAM_Re_Solicitao_de_Cotao_Confirmao_do_pedido_de_consulta_-_1-_616195SFMS-2026_.json,NorBERTo-large,cosine_descriptions,SPAM,0.34001167446974845,0.32981196712437744,0.33017635840587417,0.34001167446974845,Pedido de Informação,False
26016,Solicitação de cotização e confirmação de pedido para consulta nº 1 616195SFMS — Suministro de novo lote (2026),tests/extracted_emails/26016_SPAM_Solicitao_de_cotizao_e_confirmao_de_pedido_para_consulta_n_1_616195SFMS__Su.json,NorBERTo-large,cosine_descriptions,SPAM,0.34130337167513936,0.3292467547946954,0.3294498735301653,0.34130337167513936,Pedido de Informação,False
26054,"Solicitação de Cotação RS0045294, Licitação MR-161127 (Ordem de Projeto: Fornecimento e Entrega - 1328)",tests/extracted_emails/26054_Solicitao_de_Cotao_RS0045294_Licitao_MR-161127_Ordem_de_Projeto_Fornecimento_e_E.json,NorBERTo-large,cosine_descriptions,SPAM,0.34055694475765613,0.32862636204551,0.3308166931968339,0.34055694475765613,Pedido de Informação,False
26057,"Solicitação de Cotação RS0045294, Licitação MR-161127 (Ordem de Projeto: Fornecimento e Entrega - 1328)",tests/extracted_emails/26057_Solicitao_de_Cotao_RS0045294_Licitao_MR-161127_Ordem_de_Projeto_Fornecimento_e_E.json,NorBERTo-large,cosine_descriptions,SPAM,0.34055694475765613,0.32862636204551,0.3308166931968339,0.34055694475765613,Pedido de Informação,False
26505,Re: Fornecimento ERP 2026100680,tests/extracted_emails/26505_Re_Fornecimento_ERP_2026100680.json,NorBERTo-large,cosine_descriptions,SPAM,0.3403385713670793,0.3289212413193235,0.3307401873135972,0.3403385713670793,Pedido de Informação,False
26591,Pedido de Cotação-20260601,tests/extracted_emails/26591_Pedido_de_Cotao-20260601.json,NorBERTo-large,cosine_descriptions,SPAM,0.3377814326484043,0.33116543160302414,0.3310531357485715,0.3377814326484043,Pedido de Informação,False
26666,Solicitação de cotação para artigos/materiais - QME2675079 Entrega: 2026,tests/extracted_emails/26666_Solicitao_de_cotao_para_artigosmateriais_-_QME2675079_Entrega_2026.json,NorBERTo-large,cosine_descriptions,SPAM,0.3402943949406562,0.33044054064089273,0.32926506441845105,0.3402943949406562,Pedido de Informação,False
26730,CONSULTA EUROPEIA E261138 (A001)  ESPECIFICAÇÕES DO PRODUTOSERVIÇO,tests/extracted_emails/26730_SPAM_CONSULTA_EUROPEIA_E261138_A001_ESPECIFICAES_DO_PRODUTOSERVIO.json,NorBERTo-large,cosine_descriptions,SPAM,0.3398795608125834,0.3289774836907178,0.3311429554966988,0.3398795608125834,SPAM,True
26779,Envio de recibo REC - REC 11124/8103,tests/extracted_emails/26779_SPAM_Envio_de_recibo_REC_-_REC_111248103.json,NorBERTo-large,cosine_descriptions,SPAM,0.3405417368192368,0.3276402500845465,0.3318180130962168,0.3405417368192368,SPAM,True
26995,Finalização do Pedido de Fornecimento – Referência de Lote: H80-26-0155 – Apresentação de Preços e Confirmação de Especificações.,tests/extracted_emails/26995_Finalizao_do_Pedido_de_Fornecimento__Referncia_de_Lote_H80-26-0155__Apresentao_d.json,NorBERTo-large,cosine_descriptions,SPAM,0.3401655923392738,0.32896501715476806,0.3308693905059582,0.3401655923392738,Pedido de Informação,False
27009,Documentos em formato digital,tests/extracted_emails/27009_Documentos_em_formato_digital.json,NorBERTo-large,cosine_descriptions,SPAM,0.33961606769572783,0.32754556149311376,0.33283837081115836,0.33961606769572783,SPAM,True
27018,Documentos em formato digital,tests/extracted_emails/27018_Documentos_em_formato_digital.json,NorBERTo-large,cosine_descriptions,SPAM,0.3396186647138256,0.3275119889783783,0.332869346307796,0.3396186647138256,SPAM,True
27182,Solicitação de Cotação e Especificações do Pedido – Agosto de 2026,tests/extracted_emails/27182_Solicitao_de_Cotao_e_Especificaes_do_Pedido__Agosto_de_2026.json,NorBERTo-large,cosine_descriptions,SPAM,0.34014460422718973,0.3303336567173636,0.3295217390554467,0.34014460422718973,Pedido de Informação,False
27390,Pedido de orçamento - Obras,tests/extracted_emails/27390_Pedido_de_oramento_-_Obras.json,NorBERTo-large,cosine_descriptions,SPAM,0.33961603899121995,0.32946631457696673,0.33091764643181326,0.33961603899121995,Pedido de Informação,False
27391,pedido de orçamento,tests/extracted_emails/27391_pedido_de_oramento.json,NorBERTo-large,cosine_descriptions,SPAM,0.3407183694519882,0.32873310372560793,0.33054852682240377,0.3407183694519882,Pedido de Informação,False
21173,FW: Pedido de Cotação-24100004 18/10/2024,tests/extracted_emails/21173_FW_Pedido_de_Cotao-24100004_18102024.json,XLM-RoBERTa-base,cosine_descriptions,Pedido de Encomenda,0.3334650222934164,0.33339858323028787,0.3334650222934164,0.33313639447629584,Pedido de Informação,False
21288,Pedido de Cotação -RFQ/2024/10/29,tests/extracted_emails/21288_Pedido_de_Cotao_-RFQ20241029.json,XLM-RoBERTa-base,cosine_descriptions,Pedido de Encomenda,0.33341690600417995,0.3333988815024056,0.33341690600417995,0.3331842124934144,Pedido de Informação,False
22545,Regularização  - 02:51:40.,tests/extracted_emails/22545_Regularizao_-_025140.json,XLM-RoBERTa-base,cosine_descriptions,Pedido de Encomenda,0.3334435712806873,0.33327370502064235,0.3334435712806873,0.33328272369867035,SPAM,False
22561,Regularização  - 10:39:27.,tests/extracted_emails/22561_Regularizao_-_103927.json,XLM-RoBERTa-base,cosine_descriptions,Pedido de Encomenda,0.33344690969617435,0.3332715392147316,0.33344690969617435,0.3332815510890941,SPAM,False
22683,Pedido de Cotação-250325,tests/extracted_emails/22683_Pedido_de_Cotao-250325.json,XLM-RoBERTa-base,cosine_descriptions,Pedido de Encomenda,0.3334636693761295,0.33342759641723585,0.3334636693761295,0.3331087342066347,Pedido de Informação,False
22737,Nota de Crédito 202503124529.,tests/extracted_emails/22737_Nota_de_Crdito_202503124529.json,XLM-RoBERTa-base,cosine_descriptions,Pedido de Encomenda,0.3333900131334024,0.33330684102019215,0.3333900131334024,0.3333031458464054,Pedido de Encomenda,True
24351,FW: Consulta de preco AK25/001896 - SW24/413387 para pedido de aquisição de material/artigo QZA na Kremler Landtechnik Compras: [LOTE EXTERNO DE OUTUBRO],tests/extracted_emails/24351_FW_Consulta_de_preco_AK25001896_-_SW24413387_para_pedido_de_aquisio_de_materiala.json,XLM-RoBERTa-base,cosine_descriptions,Pedido de Encomenda,0.33344930289847385,0.33334364359043345,0.33344930289847385,0.33320705351109264,Pedido de Informação,False
24501,Request for Quotation-RFQ 5387/25_DESB,tests/extracted_emails/24501_SPAM_Request_for_Quotation-RFQ_538725_DESB.json,XLM-RoBERTa-base,cosine_descriptions,Pedido de Encomenda,0.3334572336537079,0.3333238553086528,0.3334572336537079,0.33321891103763934,Pedido de Informação,False
25634,Pedido de Cotação nº 20/02/2026,tests/extracted_emails/25634_Pedido_de_Cotao_n_20022026.json,XLM-RoBERTa-base,cosine_descriptions,Pedido de Encomenda,0.33341008828130997,0.33337865100993025,0.33341008828130997,0.33321126070875984,Pedido de Informação,False
25980,Genehmigte Projektlieferung für aktuelles Verkaufsangebot: Folgeauftrag zur vorherigen Anfrage (SQ-202604),tests/extracted_emails/25980_SPAM_Genehmigte_Projektlieferung_fr_aktuelles_Verkaufsangebot_Folgeauftrag_zur_v.json,XLM-RoBERTa-base,cosine_descriptions,Pedido de Informação,0.33343723212604187,0.33343723212604187,0.3333973068313099,0.33316546104264816,SPAM,False
26004,Verkaufsangebot RFQ-2501524: 04_2026_LPO Lieferung von PROJEKTARTIKELN in großen Mengen,tests/extracted_emails/26004_SPAM_Verkaufsangebot_RFQ-2501524_04_2026_LPO_Lieferung_von_PROJEKTARTIKELN_in_gr.json,XLM-RoBERTa-base,cosine_descriptions,Pedido de Encomenda,0.3334246970211637,0.3333869789468527,0.3334246970211637,0.33318832403198356,SPAM,False
26007,"Re: Solicitação de Cotação: Confirmação do pedido de consulta - 1- 616195SFMS-2026, Fornecimento de Novo Lote",tests/extracted_emails/26007_SPAM_Re_Solicitao_de_Cotao_Confirmao_do_pedido_de_consulta_-_1-_616195SFMS-2026_.json,XLM-RoBERTa-base,cosine_descriptions,Pedido de Encomenda,0.3334491896788041,0.33338448256559733,0.3334491896788041,0.33316632775559857,Pedido de Informação,False
26016,Solicitação de cotização e confirmação de pedido para consulta nº 1 616195SFMS — Suministro de novo lote (2026),tests/extracted_emails/26016_SPAM_Solicitao_de_cotizao_e_confirmao_de_pedido_para_consulta_n_1_616195SFMS__Su.json,XLM-RoBERTa-base,cosine_descriptions,Pedido de Encomenda,0.3334446752316956,0.33337184185679564,0.3334446752316956,0.3331834829115088,Pedido de Informação,False
26054,"Solicitação de Cotação RS0045294, Licitação MR-161127 (Ordem de Projeto: Fornecimento e Entrega - 1328)",tests/extracted_emails/26054_Solicitao_de_Cotao_RS0045294_Licitao_MR-161127_Ordem_de_Projeto_Fornecimento_e_E.json,XLM-RoBERTa-base,cosine_descriptions,Pedido de Encomenda,0.33344184821121425,0.333249159233193,0.33344184821121425,0.33330899255559276,Pedido de Informação,False
26057,"Solicitação de Cotação RS0045294, Licitação MR-161127 (Ordem de Projeto: Fornecimento e Entrega - 1328)",tests/extracted_emails/26057_Solicitao_de_Cotao_RS0045294_Licitao_MR-161127_Ordem_de_Projeto_Fornecimento_e_E.json,XLM-RoBERTa-base,cosine_descriptions,Pedido de Encomenda,0.33344184821121425,0.333249159233193,0.33344184821121425,0.33330899255559276,Pedido de Informação,False
26505,Re: Fornecimento ERP 2026100680,tests/extracted_emails/26505_Re_Fornecimento_ERP_2026100680.json,XLM-RoBERTa-base,cosine_descriptions,Pedido de Encomenda,0.3334522805810452,0.33318589895266726,0.3334522805810452,0.33336182046628754,Pedido de Informação,False
26591,Pedido de Cotação-20260601,tests/extracted_emails/26591_Pedido_de_Cotao-20260601.json,XLM-RoBERTa-base,cosine_descriptions,Pedido de Encomenda,0.33346796236156445,0.3334235617988378,0.33346796236156445,0.33310847583959763,Pedido de Informação,False
26666,Solicitação de cotação para artigos/materiais - QME2675079 Entrega: 2026,tests/extracted_emails/26666_Solicitao_de_cotao_para_artigosmateriais_-_QME2675079_Entrega_2026.json,XLM-RoBERTa-base,cosine_descriptions,Pedido de Encomenda,0.33339878322464483,0.3333770438384872,0.33339878322464483,0.3332241729368679,Pedido de Informação,False
26730,CONSULTA EUROPEIA E261138 (A001)  ESPECIFICAÇÕES DO PRODUTOSERVIÇO,tests/extracted_emails/26730_SPAM_CONSULTA_EUROPEIA_E261138_A001_ESPECIFICAES_DO_PRODUTOSERVIO.json,XLM-RoBERTa-base,cosine_descriptions,Pedido de Encomenda,0.33342108368592754,0.3332984473409258,0.33342108368592754,0.3332804689731466,SPAM,False
26779,Envio de recibo REC - REC 11124/8103,tests/extracted_emails/26779_SPAM_Envio_de_recibo_REC_-_REC_111248103.json,XLM-RoBERTa-base,cosine_descriptions,Pedido de Encomenda,0.3334244535173,0.33324685031293166,0.3334244535173,0.3333286961697683,SPAM,False
26995,Finalização do Pedido de Fornecimento – Referência de Lote: H80-26-0155 – Apresentação de Preços e Confirmação de Especificações.,tests/extracted_emails/26995_Finalizao_do_Pedido_de_Fornecimento__Referncia_de_Lote_H80-26-0155__Apresentao_d.json,XLM-RoBERTa-base,cosine_descriptions,Pedido de Encomenda,0.33343311019325883,0.3334075331276857,0.33343311019325883,0.3331593566790554,Pedido de Informação,False
27009,Documentos em formato digital,tests/extracted_emails/27009_Documentos_em_formato_digital.json,XLM-RoBERTa-base,cosine_descriptions,Pedido de Encomenda,0.3334464066633218,0.3333559481420614,0.3334464066633218,0.3331976451946167,SPAM,False
27018,Documentos em formato digital,tests/extracted_emails/27018_Documentos_em_formato_digital.json,XLM-RoBERTa-base,cosine_descriptions,Pedido de Encomenda,0.3334480829668838,0.3333521201397207,0.3334480829668838,0.3331997968933956,SPAM,False
27182,Solicitação de Cotação e Especificações do Pedido – Agosto de 2026,tests/extracted_emails/27182_Solicitao_de_Cotao_e_Especificaes_do_Pedido__Agosto_de_2026.json,XLM-RoBERTa-base,cosine_descriptions,Pedido de Encomenda,0.3334423507337415,0.3333704915162098,0.3334423507337415,0.33318715775004876,Pedido de Informação,False
27390,Pedido de orçamento - Obras,tests/extracted_emails/27390_Pedido_de_oramento_-_Obras.json,XLM-RoBERTa-base,cosine_descriptions,Pedido de Encomenda,0.3334303948669434,0.33332674819427155,0.3334303948669434,0.3332428569387851,Pedido de Informação,False
27391,pedido de orçamento,tests/extracted_emails/27391_pedido_de_oramento.json,XLM-RoBERTa-base,cosine_descriptions,Pedido de Encomenda,0.333415916010429,0.33332892276650816,0.333415916010429,0.3332551612230628,Pedido de Informação,False
21173,FW: Pedido de Cotação-24100004 18/10/2024,tests/extracted_emails/21173_FW_Pedido_de_Cotao-24100004_18102024.json,XLM-RoBERTa-large-XNLI,zero_shot_nli,Pedido de Informação,0.42526429446126784,0.42526429446126784,0.40410184288631934,0.17063386265241282,Pedido de Informação,True
21288,Pedido de Cotação -RFQ/2024/10/29,tests/extracted_emails/21288_Pedido_de_Cotao_-RFQ20241029.json,XLM-RoBERTa-large-XNLI,zero_shot_nli,Pedido de Informação,0.7769686625808306,0.7769686625808306,0.20896075677031883,0.01407058064885053,Pedido de Informação,True
22545,Regularização  - 02:51:40.,tests/extracted_emails/22545_Regularizao_-_025140.json,XLM-RoBERTa-large-XNLI,zero_shot_nli,Pedido de Encomenda,0.3976839421799148,0.3733134492226511,0.3976839421799148,0.22900260859743407,SPAM,False
22561,Regularização  - 10:39:27.,tests/extracted_emails/22561_Regularizao_-_103927.json,XLM-RoBERTa-large-XNLI,zero_shot_nli,Pedido de Informação,0.402709424495697,0.402709424495697,0.38642632961273193,0.21086424589157104,SPAM,False
22683,Pedido de Cotação-250325,tests/extracted_emails/22683_Pedido_de_Cotao-250325.json,XLM-RoBERTa-large-XNLI,zero_shot_nli,Pedido de Encomenda,0.41957831382751465,0.3876950442790985,0.41957831382751465,0.19272664189338684,Pedido de Informação,False
22737,Nota de Crédito 202503124529.,tests/extracted_emails/22737_Nota_de_Crdito_202503124529.json,XLM-RoBERTa-large-XNLI,zero_shot_nli,Pedido de Encomenda,0.6393298506736755,0.29745569825172424,0.6393298506736755,0.06321445107460022,Pedido de Encomenda,True
24351,FW: Consulta de preco AK25/001896 - SW24/413387 para pedido de aquisição de material/artigo QZA na Kremler Landtechnik Compras: [LOTE EXTERNO DE OUTUBRO],tests/extracted_emails/24351_FW_Consulta_de_preco_AK25001896_-_SW24413387_para_pedido_de_aquisio_de_materiala.json,XLM-RoBERTa-large-XNLI,zero_shot_nli,Pedido de Informação,0.34834351097513705,0.34834351097513705,0.32717498161867314,0.3244815074061898,Pedido de Informação,True
24501,Request for Quotation-RFQ 5387/25_DESB,tests/extracted_emails/24501_SPAM_Request_for_Quotation-RFQ_538725_DESB.json,XLM-RoBERTa-large-XNLI,zero_shot_nli,Pedido de Informação,0.4723861233957932,0.4723861233957932,0.38478178472627494,0.14283209187793183,Pedido de Informação,True
25634,Pedido de Cotação nº 20/02/2026,tests/extracted_emails/25634_Pedido_de_Cotao_n_20022026.json,XLM-RoBERTa-large-XNLI,zero_shot_nli,Pedido de Encomenda,0.5481486463436503,0.39050198619631643,0.5481486463436503,0.061349367460033194,Pedido de Informação,False
25980,Genehmigte Projektlieferung für aktuelles Verkaufsangebot: Folgeauftrag zur vorherigen Anfrage (SQ-202604),tests/extracted_emails/25980_SPAM_Genehmigte_Projektlieferung_fr_aktuelles_Verkaufsangebot_Folgeauftrag_zur_v.json,XLM-RoBERTa-large-XNLI,zero_shot_nli,Pedido de Encomenda,0.540047490146552,0.34650269807484535,0.540047490146552,0.11344981177860271,SPAM,False
26004,Verkaufsangebot RFQ-2501524: 04_2026_LPO Lieferung von PROJEKTARTIKELN in großen Mengen,tests/extracted_emails/26004_SPAM_Verkaufsangebot_RFQ-2501524_04_2026_LPO_Lieferung_von_PROJEKTARTIKELN_in_gr.json,XLM-RoBERTa-large-XNLI,zero_shot_nli,Pedido de Informação,0.5311503212470442,0.5311503212470442,0.4330480533447842,0.03580162540817166,SPAM,False
26007,"Re: Solicitação de Cotação: Confirmação do pedido de consulta - 1- 616195SFMS-2026, Fornecimento de Novo Lote",tests/extracted_emails/26007_SPAM_Re_Solicitao_de_Cotao_Confirmao_do_pedido_de_consulta_-_1-_616195SFMS-2026_.json,XLM-RoBERTa-large-XNLI,zero_shot_nli,Pedido de Encomenda,0.6639136125438929,0.31749114630737263,0.6639136125438929,0.018595241148734398,Pedido de Informação,False
26016,Solicitação de cotização e confirmação de pedido para consulta nº 1 616195SFMS — Suministro de novo lote (2026),tests/extracted_emails/26016_SPAM_Solicitao_de_cotizao_e_confirmao_de_pedido_para_consulta_n_1_616195SFMS__Su.json,XLM-RoBERTa-large-XNLI,zero_shot_nli,Pedido de Encomenda,0.6676039319578205,0.32738156262171964,0.6676039319578205,0.005014505420459827,Pedido de Informação,False
26054,"Solicitação de Cotação RS0045294, Licitação MR-161127 (Ordem de Projeto: Fornecimento e Entrega - 1328)",tests/extracted_emails/26054_Solicitao_de_Cotao_RS0045294_Licitao_MR-161127_Ordem_de_Projeto_Fornecimento_e_E.json,XLM-RoBERTa-large-XNLI,zero_shot_nli,Pedido de Encomenda,0.6277677311563686,0.3474689365788914,0.6277677311563686,0.024763332264740038,Pedido de Informação,False
26057,"Solicitação de Cotação RS0045294, Licitação MR-161127 (Ordem de Projeto: Fornecimento e Entrega - 1328)",tests/extracted_emails/26057_Solicitao_de_Cotao_RS0045294_Licitao_MR-161127_Ordem_de_Projeto_Fornecimento_e_E.json,XLM-RoBERTa-large-XNLI,zero_shot_nli,Pedido de Encomenda,0.6277677311563686,0.3474689365788914,0.6277677311563686,0.024763332264740038,Pedido de Informação,False
26505,Re: Fornecimento ERP 2026100680,tests/extracted_emails/26505_Re_Fornecimento_ERP_2026100680.json,XLM-RoBERTa-large-XNLI,zero_shot_nli,Pedido de Encomenda,0.46564396521979623,0.4023951232076418,0.46564396521979623,0.13196091157256198,Pedido de Informação,False
26591,Pedido de Cotação-20260601,tests/extracted_emails/26591_Pedido_de_Cotao-20260601.json,XLM-RoBERTa-large-XNLI,zero_shot_nli,Pedido de Encomenda,0.4237779740062054,0.416522687919776,0.4237779740062054,0.15969933807401862,Pedido de Informação,False
26666,Solicitação de cotação para artigos/materiais - QME2675079 Entrega: 2026,tests/extracted_emails/26666_Solicitao_de_cotao_para_artigosmateriais_-_QME2675079_Entrega_2026.json,XLM-RoBERTa-large-XNLI,zero_shot_nli,Pedido de Informação,0.6292550610695411,0.6292550610695411,0.3486285533653837,0.02211638556507517,Pedido de Informação,True
26730,CONSULTA EUROPEIA E261138 (A001)  ESPECIFICAÇÕES DO PRODUTOSERVIÇO,tests/extracted_emails/26730_SPAM_CONSULTA_EUROPEIA_E261138_A001_ESPECIFICAES_DO_PRODUTOSERVIO.json,XLM-RoBERTa-large-XNLI,zero_shot_nli,Pedido de Encomenda,0.3718386181641037,0.3424822586035055,0.3718386181641037,0.2856791232323908,SPAM,False
26779,Envio de recibo REC - REC 11124/8103,tests/extracted_emails/26779_SPAM_Envio_de_recibo_REC_-_REC_111248103.json,XLM-RoBERTa-large-XNLI,zero_shot_nli,Pedido de Encomenda,0.4439468814118767,0.2649042387278151,0.4439468814118767,0.2911488798603082,SPAM,False
26995,Finalização do Pedido de Fornecimento – Referência de Lote: H80-26-0155 – Apresentação de Preços e Confirmação de Especificações.,tests/extracted_emails/26995_Finalizao_do_Pedido_de_Fornecimento__Referncia_de_Lote_H80-26-0155__Apresentao_d.json,XLM-RoBERTa-large-XNLI,zero_shot_nli,Pedido de Informação,0.3875076886268761,0.3875076886268761,0.3530208871668842,0.2594714242062397,Pedido de Informação,True
27009,Documentos em formato digital,tests/extracted_emails/27009_Documentos_em_formato_digital.json,XLM-RoBERTa-large-XNLI,zero_shot_nli,Pedido de Encomenda,0.37699630856513977,0.3759629428386688,0.37699630856513977,0.2470407485961914,SPAM,False
27018,Documentos em formato digital,tests/extracted_emails/27018_Documentos_em_formato_digital.json,XLM-RoBERTa-large-XNLI,zero_shot_nli,Pedido de Encomenda,0.47399266692963243,0.23514559426064466,0.47399266692963243,0.2908617388097229,SPAM,False
27182,Solicitação de Cotação e Especificações do Pedido – Agosto de 2026,tests/extracted_emails/27182_Solicitao_de_Cotao_e_Especificaes_do_Pedido__Agosto_de_2026.json,XLM-RoBERTa-large-XNLI,zero_shot_nli,Pedido de Informação,0.6718569656086376,0.6718569656086376,0.3087957048090472,0.019347329582315127,Pedido de Informação,True
27390,Pedido de orçamento - Obras,tests/extracted_emails/27390_Pedido_de_oramento_-_Obras.json,XLM-RoBERTa-large-XNLI,zero_shot_nli,Pedido de Encomenda,0.5444290688673878,0.4301212768081695,0.5444290688673878,0.025449654324442655,Pedido de Informação,False
27391,pedido de orçamento,tests/extracted_emails/27391_pedido_de_oramento.json,XLM-RoBERTa-large-XNLI,zero_shot_nli,Pedido de Informação,0.7600105178353036,0.7600105178353036,0.22853297804197734,0.011456504122719046,Pedido de Informação,True
21173,FW: Pedido de Cotação-24100004 18/10/2024,tests/extracted_emails/21173_FW_Pedido_de_Cotao-24100004_18102024.json,Albertina 900M PT-PT,cosine_descriptions,Pedido de Informação,0.3473262823133544,0.3473262823133544,0.3349048804889519,0.3177688371976937,Pedido de Informação,True
21288,Pedido de Cotação -RFQ/2024/10/29,tests/extracted_emails/21288_Pedido_de_Cotao_-RFQ20241029.json,Albertina 900M PT-PT,cosine_descriptions,Pedido de Informação,0.3509985093201051,0.3509985093201051,0.334160207895395,0.31484128278449985,Pedido de Informação,True
22545,Regularização  - 02:51:40.,tests/extracted_emails/22545_Regularizao_-_025140.json,Albertina 900M PT-PT,cosine_descriptions,Pedido de Informação,0.34314232301177905,0.34314232301177905,0.3331042910849762,0.3237533859032448,SPAM,False
22561,Regularização  - 10:39:27.,tests/extracted_emails/22561_Regularizao_-_103927.json,Albertina 900M PT-PT,cosine_descriptions,Pedido de Informação,0.34326998147327276,0.34326998147327276,0.33321647691483797,0.3235135416118893,SPAM,False
22683,Pedido de Cotação-250325,tests/extracted_emails/22683_Pedido_de_Cotao-250325.json,Albertina 900M PT-PT,cosine_descriptions,Pedido de Informação,0.34929467531154923,0.34929467531154923,0.3344065967943451,0.31629872789410574,Pedido de Informação,True
22737,Nota de Crédito 202503124529.,tests/extracted_emails/22737_Nota_de_Crdito_202503124529.json,Albertina 900M PT-PT,cosine_descriptions,Pedido de Informação,0.33927989382453905,0.33927989382453905,0.33720227564810085,0.3235178305273601,Pedido de Encomenda,False
24351,FW: Consulta de preco AK25/001896 - SW24/413387 para pedido de aquisição de material/artigo QZA na Kremler Landtechnik Compras: [LOTE EXTERNO DE OUTUBRO],tests/extracted_emails/24351_FW_Consulta_de_preco_AK25001896_-_SW24413387_para_pedido_de_aquisio_de_materiala.json,Albertina 900M PT-PT,cosine_descriptions,Pedido de Informação,0.3481864326223316,0.3481864326223316,0.3337949914578547,0.3180185759198137,Pedido de Informação,True
24501,Request for Quotation-RFQ 5387/25_DESB,tests/extracted_emails/24501_SPAM_Request_for_Quotation-RFQ_538725_DESB.json,Albertina 900M PT-PT,cosine_descriptions,Pedido de Informação,0.34480844469551986,0.34480844469551986,0.33230931856818996,0.3228822367362902,Pedido de Informação,True
25634,Pedido de Cotação nº 20/02/2026,tests/extracted_emails/25634_Pedido_de_Cotao_n_20022026.json,Albertina 900M PT-PT,cosine_descriptions,Pedido de Informação,0.34540697597141523,0.34540697597141523,0.3351198572211052,0.31947316680747967,Pedido de Informação,True
25980,Genehmigte Projektlieferung für aktuelles Verkaufsangebot: Folgeauftrag zur vorherigen Anfrage (SQ-202604),tests/extracted_emails/25980_SPAM_Genehmigte_Projektlieferung_fr_aktuelles_Verkaufsangebot_Folgeauftrag_zur_v.json,Albertina 900M PT-PT,cosine_descriptions,Pedido de Informação,0.34636629048191636,0.34636629048191636,0.33457659744855256,0.31905711206953097,SPAM,False
26004,Verkaufsangebot RFQ-2501524: 04_2026_LPO Lieferung von PROJEKTARTIKELN in großen Mengen,tests/extracted_emails/26004_SPAM_Verkaufsangebot_RFQ-2501524_04_2026_LPO_Lieferung_von_PROJEKTARTIKELN_in_gr.json,Albertina 900M PT-PT,cosine_descriptions,Pedido de Informação,0.34779268636956095,0.34779268636956095,0.33540763876766383,0.31679967486277527,SPAM,False
26007,"Re: Solicitação de Cotação: Confirmação do pedido de consulta - 1- 616195SFMS-2026, Fornecimento de Novo Lote",tests/extracted_emails/26007_SPAM_Re_Solicitao_de_Cotao_Confirmao_do_pedido_de_consulta_-_1-_616195SFMS-2026_.json,Albertina 900M PT-PT,cosine_descriptions,Pedido de Informação,0.3476691090477419,0.3476691090477419,0.3340701921066707,0.31826069884558733,Pedido de Informação,True
26016,Solicitação de cotização e confirmação de pedido para consulta nº 1 616195SFMS — Suministro de novo lote (2026),tests/extracted_emails/26016_SPAM_Solicitao_de_cotizao_e_confirmao_de_pedido_para_consulta_n_1_616195SFMS__Su.json,Albertina 900M PT-PT,cosine_descriptions,Pedido de Informação,0.34803071379739736,0.34803071379739736,0.33350505908330563,0.3184642271192969,Pedido de Informação,True
26054,"Solicitação de Cotação RS0045294, Licitação MR-161127 (Ordem de Projeto: Fornecimento e Entrega - 1328)",tests/extracted_emails/26054_Solicitao_de_Cotao_RS0045294_Licitao_MR-161127_Ordem_de_Projeto_Fornecimento_e_E.json,Albertina 900M PT-PT,cosine_descriptions,Pedido de Informação,0.34462329842721423,0.34462329842721423,0.3354364202956685,0.31994028127711727,Pedido de Informação,True
26057,"Solicitação de Cotação RS0045294, Licitação MR-161127 (Ordem de Projeto: Fornecimento e Entrega - 1328)",tests/extracted_emails/26057_Solicitao_de_Cotao_RS0045294_Licitao_MR-161127_Ordem_de_Projeto_Fornecimento_e_E.json,Albertina 900M PT-PT,cosine_descriptions,Pedido de Informação,0.34462329842721423,0.34462329842721423,0.3354364202956685,0.31994028127711727,Pedido de Informação,True
26505,Re: Fornecimento ERP 2026100680,tests/extracted_emails/26505_Re_Fornecimento_ERP_2026100680.json,Albertina 900M PT-PT,cosine_descriptions,Pedido de Informação,0.34349002286367075,0.34349002286367075,0.3329987299771044,0.32351124715922475,Pedido de Informação,True
26591,Pedido de Cotação-20260601,tests/extracted_emails/26591_Pedido_de_Cotao-20260601.json,Albertina 900M PT-PT,cosine_descriptions,Pedido de Informação,0.3495770342858225,0.3495770342858225,0.3342521720091439,0.3161707937050337,Pedido de Informação,True
26666,Solicitação de cotação para artigos/materiais - QME2675079 Entrega: 2026,tests/extracted_emails/26666_Solicitao_de_cotao_para_artigosmateriais_-_QME2675079_Entrega_2026.json,Albertina 900M PT-PT,cosine_descriptions,Pedido de Informação,0.3466153119739145,0.3466153119739145,0.33416250667273717,0.3192221813533483,Pedido de Informação,True
26730,CONSULTA EUROPEIA E261138 (A001)  ESPECIFICAÇÕES DO PRODUTOSERVIÇO,tests/extracted_emails/26730_SPAM_CONSULTA_EUROPEIA_E261138_A001_ESPECIFICAES_DO_PRODUTOSERVIO.json,Albertina 900M PT-PT,cosine_descriptions,Pedido de Informação,0.3455131153174608,0.3455131153174608,0.3344732344996249,0.3200136501829143,SPAM,False
26779,Envio de recibo REC - REC 11124/8103,tests/extracted_emails/26779_SPAM_Envio_de_recibo_REC_-_REC_111248103.json,Albertina 900M PT-PT,cosine_descriptions,Pedido de Informação,0.34087911560698686,0.34087911560698686,0.3349868546398409,0.32413402975317224,SPAM,False
26995,Finalização do Pedido de Fornecimento – Referência de Lote: H80-26-0155 – Apresentação de Preços e Confirmação de Especificações.,tests/extracted_emails/26995_Finalizao_do_Pedido_de_Fornecimento__Referncia_de_Lote_H80-26-0155__Apresentao_d.json,Albertina 900M PT-PT,cosine_descriptions,Pedido de Informação,0.34700804160656573,0.34700804160656573,0.3354186276605003,0.317573330732934,Pedido de Informação,True
27009,Documentos em formato digital,tests/extracted_emails/27009_Documentos_em_formato_digital.json,Albertina 900M PT-PT,cosine_descriptions,Pedido de Informação,0.34284064745869963,0.34284064745869963,0.33624117320608715,0.3209181793352132,SPAM,False
27018,Documentos em formato digital,tests/extracted_emails/27018_Documentos_em_formato_digital.json,Albertina 900M PT-PT,cosine_descriptions,Pedido de Informação,0.3429731932053285,0.3429731932053285,0.3361462697292259,0.32088053706544556,SPAM,False
27182,Solicitação de Cotação e Especificações do Pedido – Agosto de 2026,tests/extracted_emails/27182_Solicitao_de_Cotao_e_Especificaes_do_Pedido__Agosto_de_2026.json,Albertina 900M PT-PT,cosine_descriptions,Pedido de Informação,0.35047858310173435,0.35047858310173435,0.33632324523842366,0.31319817165984193,Pedido de Informação,True
27390,Pedido de orçamento - Obras,tests/extracted_emails/27390_Pedido_de_oramento_-_Obras.json,Albertina 900M PT-PT,cosine_descriptions,Pedido de Informação,0.34970311845391205,0.34970311845391205,0.33477196897599876,0.3155249125700893,Pedido de Informação,True
27391,pedido de orçamento,tests/extracted_emails/27391_pedido_de_oramento.json,Albertina 900M PT-PT,cosine_descriptions,Pedido de Informação,0.34671881722889286,0.34671881722889286,0.33210094774623716,0.3211802350248699,Pedido de Informação,True
21173,FW: Pedido de Cotação-24100004 18/10/2024,tests/extracted_emails/21173_FW_Pedido_de_Cotao-24100004_18102024.json,BERTimbau Base,cosine_descriptions,Pedido de Informação,0.3501719912455231,0.3501719912455231,0.32367332239474933,0.3261546863597276,Pedido de Informação,True
21288,Pedido de Cotação -RFQ/2024/10/29,tests/extracted_emails/21288_Pedido_de_Cotao_-RFQ20241029.json,BERTimbau Base,cosine_descriptions,Pedido de Informação,0.3448671689651217,0.3448671689651217,0.32987296039419256,0.32525987064068573,Pedido de Informação,True
22545,Regularização  - 02:51:40.,tests/extracted_emails/22545_Regularizao_-_025140.json,BERTimbau Base,cosine_descriptions,Pedido de Informação,0.34852840035757304,0.34852840035757304,0.32353433947863885,0.32793726016378816,SPAM,False
22561,Regularização  - 10:39:27.,tests/extracted_emails/22561_Regularizao_-_103927.json,BERTimbau Base,cosine_descriptions,Pedido de Informação,0.34844481518330017,0.34844481518330017,0.32384527123574197,0.3277099135809579,SPAM,False
22683,Pedido de Cotação-250325,tests/extracted_emails/22683_Pedido_de_Cotao-250325.json,BERTimbau Base,cosine_descriptions,Pedido de Informação,0.3504944595579591,0.3504944595579591,0.32444576220624155,0.3250597782357994,Pedido de Informação,True
22737,Nota de Crédito 202503124529.,tests/extracted_emails/22737_Nota_de_Crdito_202503124529.json,BERTimbau Base,cosine_descriptions,Pedido de Informação,0.34050468541463863,0.34050468541463863,0.327694398707461,0.3318009158779004,Pedido de Encomenda,False
24351,FW: Consulta de preco AK25/001896 - SW24/413387 para pedido de aquisição de material/artigo QZA na Kremler Landtechnik Compras: [LOTE EXTERNO DE OUTUBRO],tests/extracted_emails/24351_FW_Consulta_de_preco_AK25001896_-_SW24413387_para_pedido_de_aquisio_de_materiala.json,BERTimbau Base,cosine_descriptions,Pedido de Informação,0.35170764158888684,0.35170764158888684,0.3253966420319721,0.3228957163791411,Pedido de Informação,True
24501,Request for Quotation-RFQ 5387/25_DESB,tests/extracted_emails/24501_SPAM_Request_for_Quotation-RFQ_538725_DESB.json,BERTimbau Base,cosine_descriptions,SPAM,0.3387024229026289,0.33784473334947546,0.32345284374789557,0.3387024229026289,Pedido de Informação,False
25634,Pedido de Cotação nº 20/02/2026,tests/extracted_emails/25634_Pedido_de_Cotao_n_20022026.json,BERTimbau Base,cosine_descriptions,Pedido de Informação,0.3474922973264292,0.3474922973264292,0.3267670762092543,0.3257406264643165,Pedido de Informação,True
25980,Genehmigte Projektlieferung für aktuelles Verkaufsangebot: Folgeauftrag zur vorherigen Anfrage (SQ-202604),tests/extracted_emails/25980_SPAM_Genehmigte_Projektlieferung_fr_aktuelles_Verkaufsangebot_Folgeauftrag_zur_v.json,BERTimbau Base,cosine_descriptions,Pedido de Informação,0.34654326792107704,0.34654326792107704,0.3253037062211126,0.3281530258578103,SPAM,False
26004,Verkaufsangebot RFQ-2501524: 04_2026_LPO Lieferung von PROJEKTARTIKELN in großen Mengen,tests/extracted_emails/26004_SPAM_Verkaufsangebot_RFQ-2501524_04_2026_LPO_Lieferung_von_PROJEKTARTIKELN_in_gr.json,BERTimbau Base,cosine_descriptions,Pedido de Informação,0.34462020247740816,0.34462020247740816,0.3272360376851499,0.3281437598374419,SPAM,False
26007,"Re: Solicitação de Cotação: Confirmação do pedido de consulta - 1- 616195SFMS-2026, Fornecimento de Novo Lote",tests/extracted_emails/26007_SPAM_Re_Solicitao_de_Cotao_Confirmao_do_pedido_de_consulta_-_1-_616195SFMS-2026_.json,BERTimbau Base,cosine_descriptions,Pedido de Informação,0.3509229093355637,0.3509229093355637,0.3281736057208659,0.3209034849435703,Pedido de Informação,True
26016,Solicitação de cotização e confirmação de pedido para consulta nº 1 616195SFMS — Suministro de novo lote (2026),tests/extracted_emails/26016_SPAM_Solicitao_de_cotizao_e_confirmao_de_pedido_para_consulta_n_1_616195SFMS__Su.json,BERTimbau Base,cosine_descriptions,Pedido de Informação,0.35269015146290233,0.35269015146290233,0.32691393113560835,0.32039591740148926,Pedido de Informação,True
26054,"Solicitação de Cotação RS0045294, Licitação MR-161127 (Ordem de Projeto: Fornecimento e Entrega - 1328)",tests/extracted_emails/26054_Solicitao_de_Cotao_RS0045294_Licitao_MR-161127_Ordem_de_Projeto_Fornecimento_e_E.json,BERTimbau Base,cosine_descriptions,Pedido de Informação,0.34875069772665046,0.34875069772665046,0.3236426937315198,0.3276066085418297,Pedido de Informação,True
26057,"Solicitação de Cotação RS0045294, Licitação MR-161127 (Ordem de Projeto: Fornecimento e Entrega - 1328)",tests/extracted_emails/26057_Solicitao_de_Cotao_RS0045294_Licitao_MR-161127_Ordem_de_Projeto_Fornecimento_e_E.json,BERTimbau Base,cosine_descriptions,Pedido de Informação,0.34875069772665046,0.34875069772665046,0.3236426937315198,0.3276066085418297,Pedido de Informação,True
26505,Re: Fornecimento ERP 2026100680,tests/extracted_emails/26505_Re_Fornecimento_ERP_2026100680.json,BERTimbau Base,cosine_descriptions,Pedido de Informação,0.35465082166125433,0.35465082166125433,0.32126662449897947,0.3240825538397663,Pedido de Informação,True
26591,Pedido de Cotação-20260601,tests/extracted_emails/26591_Pedido_de_Cotao-20260601.json,BERTimbau Base,cosine_descriptions,Pedido de Informação,0.3490704422019297,0.3490704422019297,0.3249966665237945,0.3259328912742759,Pedido de Informação,True
26666,Solicitação de cotação para artigos/materiais - QME2675079 Entrega: 2026,tests/extracted_emails/26666_Solicitao_de_cotao_para_artigosmateriais_-_QME2675079_Entrega_2026.json,BERTimbau Base,cosine_descriptions,Pedido de Informação,0.355345361734531,0.355345361734531,0.32288895856967137,0.32176567969579756,Pedido de Informação,True
26730,CONSULTA EUROPEIA E261138 (A001)  ESPECIFICAÇÕES DO PRODUTOSERVIÇO,tests/extracted_emails/26730_SPAM_CONSULTA_EUROPEIA_E261138_A001_ESPECIFICAES_DO_PRODUTOSERVIO.json,BERTimbau Base,cosine_descriptions,Pedido de Informação,0.3518998237281375,0.3518998237281375,0.32356428520543945,0.324535891066423,SPAM,False
26779,Envio de recibo REC - REC 11124/8103,tests/extracted_emails/26779_SPAM_Envio_de_recibo_REC_-_REC_111248103.json,BERTimbau Base,cosine_descriptions,Pedido de Informação,0.33896389569428487,0.33896389569428487,0.3280814706488746,0.33295463365684047,SPAM,False
26995,Finalização do Pedido de Fornecimento – Referência de Lote: H80-26-0155 – Apresentação de Preços e Confirmação de Especificações.,tests/extracted_emails/26995_Finalizao_do_Pedido_de_Fornecimento__Referncia_de_Lote_H80-26-0155__Apresentao_d.json,BERTimbau Base,cosine_descriptions,Pedido de Informação,0.354441224416655,0.354441224416655,0.3263393424675135,0.3192194331158315,Pedido de Informação,True
27009,Documentos em formato digital,tests/extracted_emails/27009_Documentos_em_formato_digital.json,BERTimbau Base,cosine_descriptions,Pedido de Informação,0.3472239363352281,0.3472239363352281,0.3237812576485797,0.32899480601619224,SPAM,False
27018,Documentos em formato digital,tests/extracted_emails/27018_Documentos_em_formato_digital.json,BERTimbau Base,cosine_descriptions,Pedido de Informação,0.34720914244233264,0.34720914244233264,0.3237594153745802,0.3290314421830871,SPAM,False
27182,Solicitação de Cotação e Especificações do Pedido – Agosto de 2026,tests/extracted_emails/27182_Solicitao_de_Cotao_e_Especificaes_do_Pedido__Agosto_de_2026.json,BERTimbau Base,cosine_descriptions,Pedido de Informação,0.35109538214287006,0.35109538214287006,0.32805635455228993,0.32084826330483995,Pedido de Informação,True
27390,Pedido de orçamento - Obras,tests/extracted_emails/27390_Pedido_de_oramento_-_Obras.json,BERTimbau Base,cosine_descriptions,Pedido de Informação,0.34478416405001683,0.34478416405001683,0.32693873020663616,0.32827710574334695,Pedido de Informação,True
27391,pedido de orçamento,tests/extracted_emails/27391_pedido_de_oramento.json,BERTimbau Base,cosine_descriptions,Pedido de Informação,0.33607293565377433,0.33607293565377433,0.3293002479552202,0.3346268163910055,Pedido de Informação,True
